feature,importance,coefficient
feature_678,0.8846026069279282,-0.8846026069279282
feature_696,0.7882432839728455,0.7882432839728455
feature_706,0.7176950671141628,-0.7176950671141628
feature_674,0.5897751853836285,0.5897751853836285
feature_130,0.5268504755355282,0.5268504755355282
feature_707,0.5113838313195603,0.5113838313195603
feature_681,0.4590531394657901,-0.4590531394657901
feature_102,0.4228945959786917,-0.4228945959786917
feature_659,0.4228945959786901,-0.4228945959786901
feature_456,0.4228945959786899,-0.4228945959786899
feature_126,0.4028286935359019,-0.4028286935359019
feature_562,0.38161087658408843,0.38161087658408843
feature_441,0.38161087658408716,0.38161087658408716
feature_689,0.3816108765840859,0.3816108765840859
feature_105,0.3761921393954314,-0.3761921393954314
feature_662,0.3761921393954301,-0.3761921393954301
feature_528,0.37619213939542895,-0.37619213939542895
feature_688,0.36863424436277675,-0.36863424436277675
feature_308,0.35425310067149884,0.35425310067149884
feature_693,0.3379595515915709,-0.3379595515915709
feature_143,0.3173998334951978,-0.3173998334951978
feature_599,0.31277401088783247,-0.31277401088783247
feature_505,0.31277401088783247,-0.31277401088783247
feature_42,0.31277401088783247,-0.31277401088783247
feature_497,0.3104435522025052,-0.3104435522025052
feature_660,0.3104435522025052,-0.3104435522025052
feature_103,0.3104435522024994,-0.3104435522024994
feature_701,0.3060419535756352,-0.3060419535756352
feature_360,0.3017782959450518,-0.3017782959450518
feature_648,0.2963335476679645,-0.2963335476679645
feature_91,0.2963335476679631,-0.2963335476679631
feature_503,0.2963335476679616,-0.2963335476679616
feature_447,0.2872837993861166,0.2872837993861166
feature_568,0.28728379938611615,0.28728379938611615
feature_514,0.2815813389508475,0.2815813389508475
feature_93,0.28158133895084747,0.28158133895084747
feature_650,0.28158133895084725,0.28158133895084725
feature_680,0.2703380780295277,-0.2703380780295277
feature_687,0.2622391217174324,0.2622391217174324
feature_330,0.26197840432599784,-0.26197840432599784
feature_421,0.25882079398250357,0.25882079398250357
feature_435,0.2554122031642201,-0.2554122031642201
feature_556,0.25541220316421925,-0.25541220316421925
feature_433,0.24626868366730664,-0.24626868366730664
feature_554,0.24626868366730653,-0.24626868366730653
feature_341,0.24503728979616854,0.24503728979616854
feature_438,0.24441697848046887,0.24441697848046887
feature_559,0.2444169784804688,0.2444169784804688
feature_708,0.24423964253482305,0.24423964253482305
feature_461,0.24404871379478285,-0.24404871379478285
feature_584,0.24404871379478163,-0.24404871379478163
feature_27,0.24404871379478116,-0.24404871379478116
feature_679,0.24315573768183318,-0.24315573768183318
feature_553,0.24123962404379187,0.24123962404379187
feature_432,0.24123962404379165,0.24123962404379165
feature_573,0.23957058925708807,0.23957058925708807
feature_667,0.23957058925708796,0.23957058925708796
feature_470,0.23957058925708763,0.23957058925708763
feature_16,0.23957058925708621,0.23957058925708621
feature_323,0.2373349164655949,0.2373349164655949
feature_485,0.22757954970789865,0.22757954970789865
feature_703,0.22757954970789865,0.22757954970789865
feature_657,0.22757954970789832,0.22757954970789832
feature_100,0.22757954970789598,0.22757954970789598
feature_482,0.22657825638184823,-0.22657825638184823
feature_643,0.22657825638184736,-0.22657825638184736
feature_86,0.22657825638184403,-0.22657825638184403
feature_666,0.222398427184817,-0.222398427184817
feature_625,0.21877724747893174,-0.21877724747893174
feature_507,0.21877724747893018,-0.21877724747893018
feature_68,0.21877724747892846,-0.21877724747892846
feature_227,0.21868933774052773,0.21868933774052773
feature_555,0.20872586475635538,-0.20872586475635538
feature_434,0.2087258647563545,-0.2087258647563545
feature_668,0.20872586475635363,-0.20872586475635363
feature_552,0.19500008226558388,-0.19500008226558388
feature_226,0.18968467484611637,0.18968467484611637
feature_355,0.1883324126049867,0.1883324126049867
feature_417,0.18711565774628194,-0.18711565774628194
feature_237,0.18691314205955456,-0.18691314205955456
feature_649,0.18503207259347831,0.18503207259347831
feature_506,0.18503207259347693,0.18503207259347693
feature_92,0.18503207259347423,0.18503207259347423
feature_53,0.184875928894932,0.184875928894932
feature_610,0.18487592889492416,0.18487592889492416
feature_538,0.1848759288949241,0.1848759288949241
feature_64,0.184217943961781,-0.184217943961781
feature_621,0.18421794396177713,-0.18421794396177713
feature_476,0.1842179439617771,-0.1842179439617771
feature_496,0.18196612274878424,-0.18196612274878424
feature_588,0.1819661227487835,-0.1819661227487835
feature_31,0.18196612274877966,-0.18196612274877966
feature_199,0.17798421253208363,-0.17798421253208363
feature_278,0.17734299919948068,-0.17734299919948068
feature_695,0.17687684735667572,0.17687684735667572
feature_685,0.1767154995021158,-0.1767154995021158
feature_215,0.17307905415362032,0.17307905415362032
feature_281,0.17165010513033097,0.17165010513033097
feature_655,0.17156600955674536,-0.17156600955674536
feature_480,0.1715660095567452,-0.1715660095567452
feature_98,0.1715660095567432,-0.1715660095567432
feature_566,0.17126040888300384,-0.17126040888300384
feature_445,0.1712604088830017,-0.1712604088830017
feature_671,0.1691318747544666,-0.1691318747544666
feature_214,0.16752213403421837,-0.16752213403421837
feature_167,0.1670655650058742,0.1670655650058742
feature_168,0.16414634946721934,0.16414634946721934
feature_446,0.1631676450917792,0.1631676450917792
feature_567,0.163167645091778,0.163167645091778
feature_440,0.15608942448330435,-0.15608942448330435
feature_561,0.15608942448330237,-0.15608942448330237
feature_457,0.1539910720858999,0.1539910720858999
feature_616,0.15399107208589788,0.15399107208589788
feature_59,0.1539910720858968,0.1539910720858968
feature_428,0.1518758033102043,0.1518758033102043
feature_551,0.14951484890333436,0.14951484890333436
feature_127,0.14878009303455234,-0.14878009303455234
feature_277,0.1485989435276338,0.1485989435276338
feature_309,0.14804525616220163,-0.14804525616220163
feature_607,0.1472733139071766,0.1472733139071766
feature_516,0.14727331390717638,0.14727331390717638
feature_50,0.14727331390717283,0.14727331390717283
feature_664,0.14570611815943282,0.14570611815943282
feature_570,0.14570611815943282,0.14570611815943282
feature_449,0.14570611815943277,0.14570611815943277
feature_13,0.1457061181594315,0.1457061181594315
feature_677,0.14460432345771027,0.14460432345771027
feature_598,0.14446256164633894,0.14446256164633894
feature_492,0.14446256164633695,0.14446256164633695
feature_41,0.14446256164633345,0.14446256164633345
feature_448,0.14364491143749797,0.14364491143749797
feature_569,0.14364491143749758,0.14364491143749758
feature_498,0.14235416697608635,-0.14235416697608635
feature_605,0.1423541669760858,-0.1423541669760858
feature_48,0.1423541669760851,-0.1423541669760851
feature_699,0.14059771913409244,-0.14059771913409244
feature_373,0.1402347418464056,-0.1402347418464056
feature_176,0.1398555915339322,-0.1398555915339322
feature_45,0.13705000000458198,-0.13705000000458198
feature_537,0.1370500000045816,-0.1370500000045816
feature_602,0.1370500000045816,-0.1370500000045816
feature_212,0.13702227273298215,0.13702227273298215
feature_587,0.13677344299959676,0.13677344299959676
feature_675,0.13677344299959657,0.13677344299959657
feature_471,0.13677344299959657,0.13677344299959657
feature_30,0.1367734429995942,0.1367734429995942
feature_429,0.13658063400449408,-0.13658063400449408
feature_35,0.1362761365886075,0.1362761365886075
feature_592,0.1362761365886062,0.1362761365886062
feature_477,0.1362761365886062,0.1362761365886062
feature_669,0.1331351291273204,0.1331351291273204
feature_357,0.13306206603579,-0.13306206603579
feature_23,0.13215528103272872,-0.13215528103272872
feature_580,0.13215528103272764,-0.13215528103272764
feature_486,0.1321552810327273,-0.1321552810327273
feature_49,0.1315438180776517,-0.1315438180776517
feature_606,0.13154381807765042,-0.13154381807765042
feature_509,0.13154381807765006,-0.13154381807765006
feature_419,0.13088532721043913,-0.13088532721043913
feature_423,0.12927322260473098,0.12927322260473098
feature_418,0.12918327141035832,-0.12918327141035832
feature_686,0.12702119766416076,0.12702119766416076
feature_557,0.12634837460127965,-0.12634837460127965
feature_436,0.1263483746012783,-0.1263483746012783
feature_244,0.1251710821398774,0.1251710821398774
feature_159,0.12516483045862234,-0.12516483045862234
feature_293,0.12471211350936047,-0.12471211350936047
feature_62,0.12422448585857934,0.12422448585857934
feature_465,0.12422448585857632,0.12422448585857632
feature_619,0.12422448585857629,0.12422448585857629
feature_112,0.12350172849167647,-0.12350172849167647
feature_24,0.12308998131576263,0.12308998131576263
feature_451,0.1230899813157596,0.1230899813157596
feature_581,0.12308998131575952,0.12308998131575952
feature_628,0.12289282268302744,0.12289282268302744
feature_520,0.12289282268302743,0.12289282268302743
feature_71,0.12289282268302656,0.12289282268302656
feature_415,0.12171511855410498,-0.12171511855410498
feature_276,0.12126775707790456,0.12126775707790456
feature_425,0.12073476485134729,0.12073476485134729
feature_170,0.1205495517861083,0.1205495517861083
feature_340,0.11926745055422686,0.11926745055422686
feature_144,0.11878350930603543,-0.11878350930603543
feature_345,0.11811494900681763,0.11811494900681763
feature_442,0.11788639184054177,-0.11788639184054177
feature_563,0.117886391840541,-0.117886391840541
feature_258,0.11645025010034678,-0.11645025010034678
feature_500,0.11567891509136426,-0.11567891509136426
feature_87,0.11567891509136201,-0.11567891509136201
feature_644,0.11567891509136179,-0.11567891509136179
feature_140,0.11548687157141206,0.11548687157141206
feature_416,0.11543168541286404,-0.11543168541286404
feature_210,0.11515834982532168,0.11515834982532168
feature_351,0.11427086609431539,0.11427086609431539
feature_579,0.11402754477603154,0.11402754477603154
feature_484,0.11402754477602987,0.11402754477602987
feature_22,0.11402754477602686,0.11402754477602686
feature_349,0.1137997911690287,0.1137997911690287
feature_287,0.11346976962794474,0.11346976962794474
feature_683,0.11258352514585132,0.11258352514585132
feature_240,0.11210198082693006,0.11210198082693006
feature_179,0.11206027019610645,0.11206027019610645
feature_175,0.11167463430199223,-0.11167463430199223
feature_156,0.11131718991680724,-0.11131718991680724
feature_353,0.11074996391983422,0.11074996391983422
feature_248,0.10997983318823619,-0.10997983318823619
feature_320,0.10980809040432189,-0.10980809040432189
feature_0,0.10974832798677839,0.10974832798677839
feature_9,0.10974832798677014,-0.10974832798677014
feature_108,0.10941325995374274,-0.10941325995374274
feature_682,0.1094132599537361,-0.1094132599537361
feature_604,0.10941325995373558,-0.10941325995373558
feature_712,0.10941325995373556,-0.10941325995373556
feature_474,0.10941325995373549,-0.10941325995373549
feature_47,0.10941325995373298,-0.10941325995373298
feature_385,0.10801323991603776,-0.10801323991603776
feature_189,0.1079675130957966,-0.1079675130957966
feature_414,0.1076266955835038,-0.1076266955835038
feature_289,0.10665391723854888,0.10665391723854888
feature_690,0.10516347114113596,-0.10516347114113596
feature_342,0.10444282189032307,0.10444282189032307
feature_255,0.10436717928580665,0.10436717928580665
feature_303,0.10419411453369468,-0.10419411453369468
feature_20,0.10404090272011388,0.10404090272011388
feature_475,0.10404090272011224,0.10404090272011224
feature_577,0.10404090272011132,0.10404090272011132
feature_316,0.10321520717418964,0.10321520717418964
feature_147,0.10111692797948749,0.10111692797948749
feature_384,0.10064808577915212,-0.10064808577915212
feature_279,0.10051211257377693,-0.10051211257377693
feature_137,0.10004117368547931,0.10004117368547931
feature_97,0.09996949995756695,0.09996949995756695
feature_654,0.09996949995756498,0.09996949995756498
feature_702,0.0999694999575648,0.0999694999575648
feature_468,0.09996949995756393,0.09996949995756393
feature_413,0.09832093758679944,-0.09832093758679944
feature_389,0.09736848459968724,-0.09736848459968724
feature_321,0.09623271524463904,0.09623271524463904
feature_145,0.0961826814642302,-0.0961826814642302
feature_571,0.09553350588436123,0.09553350588436123
feature_536,0.0955335058843612,0.0955335058843612
feature_665,0.0955335058843612,0.0955335058843612
feature_14,0.09553350588435765,0.09553350588435765
feature_344,0.09486359531456716,0.09486359531456716
feature_121,0.09297991880834716,0.09297991880834716
feature_350,0.09187107383455648,0.09187107383455648
feature_95,0.0914302322638154,0.0914302322638154
feature_652,0.0914302322638154,0.0914302322638154
feature_526,0.09143023226381437,0.09143023226381437
feature_66,0.0888245593265454,0.0888245593265454
feature_493,0.08882455932654275,0.08882455932654275
feature_623,0.08882455932654269,0.08882455932654269
feature_181,0.0881999280022936,-0.0881999280022936
feature_139,0.08814890944473291,-0.08814890944473291
feature_238,0.08810969796422033,-0.08810969796422033
feature_142,0.08797916350021245,0.08797916350021245
feature_266,0.08746051611282106,0.08746051611282106
feature_28,0.08660067839620363,0.08660067839620363
feature_466,0.08660067839620249,0.08660067839620249
feature_585,0.0866006783962024,0.0866006783962024
feature_694,0.08616156403048704,0.08616156403048704
feature_347,0.08612414018676415,0.08612414018676415
feature_361,0.08542881110169628,0.08542881110169628
feature_173,0.08507414810733185,-0.08507414810733185
feature_201,0.0846129500018408,-0.0846129500018408
feature_346,0.08446807883264212,0.08446807883264212
feature_410,0.08436659325812557,-0.08436659325812557
feature_191,0.08381731299301537,-0.08381731299301537
feature_595,0.08304018702441211,0.08304018702441211
feature_488,0.08304018702441211,0.08304018702441211
feature_38,0.08304018702440934,0.08304018702440934
feature_352,0.08269378177523086,0.08269378177523086
feature_578,0.08267685279678356,-0.08267685279678356
feature_483,0.0826768527967834,-0.0826768527967834
feature_21,0.08267685279677996,-0.08267685279677996
feature_408,0.08218702486497752,-0.08218702486497752
feature_348,0.08217959412806836,0.08217959412806836
feature_257,0.08112900312584244,-0.08112900312584244
feature_311,0.08088472274335105,-0.08088472274335105
feature_513,0.0808605294853754,0.0808605294853754
feature_627,0.08086052948537517,0.08086052948537517
feature_70,0.08086052948537464,0.08086052948537464
feature_326,0.08007922157598674,0.08007922157598674
feature_282,0.08007922157598672,0.08007922157598672
feature_378,0.0798749731252485,-0.0798749731252485
feature_51,0.0793151376413753,0.0793151376413753
feature_524,0.07931513764137521,0.07931513764137521
feature_608,0.07931513764137516,0.07931513764137516
feature_314,0.07863088535955585,-0.07863088535955585
feature_558,0.07843986226848998,-0.07843986226848998
feature_437,0.07843986226848984,-0.07843986226848984
feature_491,0.07789188404674222,0.07789188404674222
feature_597,0.07789188404674222,0.07789188404674222
feature_40,0.07789188404673637,0.07789188404673637
feature_99,0.07788263668242806,-0.07788263668242806
feature_656,0.07788263668242595,-0.07788263668242595
feature_481,0.07788263668242526,-0.07788263668242526
feature_285,0.07785683699513454,-0.07785683699513454
feature_704,0.07708740865414199,0.07708740865414199
feature_146,0.07692074910430356,0.07692074910430356
feature_183,0.07674015966099851,-0.07674015966099851
feature_479,0.07664887869448665,0.07664887869448665
feature_622,0.07664887869448517,0.07664887869448517
feature_65,0.07664887869448508,0.07664887869448508
feature_150,0.07616634646936246,0.07616634646936246
feature_236,0.07611206904615717,-0.07611206904615717
feature_83,0.07596636804283823,0.07596636804283823
feature_523,0.07596636804283728,0.07596636804283728
feature_640,0.07596636804283728,0.07596636804283728
feature_242,0.07590772613805158,0.07590772613805158
feature_443,0.07492114020440643,-0.07492114020440643
feature_564,0.07492114020440582,-0.07492114020440582
feature_272,0.07476190314892535,-0.07476190314892535
feature_297,0.07419174365327771,-0.07419174365327771
feature_124,0.07324015897873477,0.07324015897873477
feature_298,0.07304109415973713,-0.07304109415973713
feature_265,0.07263272101996175,-0.07263272101996175
feature_63,0.07184753544819772,0.07184753544819772
feature_473,0.07184753544819757,0.07184753544819757
feature_620,0.07184753544819679,0.07184753544819679
feature_225,0.07094636690161514,-0.07094636690161514
feature_670,0.07089787846580521,0.07089787846580521
feature_300,0.07083638300826607,-0.07083638300826607
feature_709,0.07021929695033427,0.07021929695033427
feature_478,0.06920892160461949,-0.06920892160461949
feature_593,0.06920892160461949,-0.06920892160461949
feature_36,0.06920892160461933,-0.06920892160461933
feature_149,0.06838755525597676,0.06838755525597676
feature_18,0.06836893200201445,-0.06836893200201445
feature_511,0.06836893200201,-0.06836893200201
feature_575,0.06836893200201,-0.06836893200201
feature_1,0.06810356358804782,-0.06810356358804782
feature_198,0.06786698673418977,-0.06786698673418977
feature_386,0.06717603307985122,0.06717603307985122
feature_231,0.0664905997388363,-0.0664905997388363
feature_530,0.06620035982464523,0.06620035982464523
feature_631,0.06620035982464467,0.06620035982464467
feature_74,0.06620035982464414,0.06620035982464414
feature_676,0.06619720781776925,0.06619720781776925
feature_154,0.06608720824851257,0.06608720824851257
feature_158,0.06585426352780109,-0.06585426352780109
feature_196,0.06509307869910079,0.06509307869910079
feature_302,0.0648853549749202,-0.0648853549749202
feature_101,0.06457314034781143,0.06457314034781143
feature_658,0.06457314034780756,0.06457314034780756
feature_495,0.06457314034780745,0.06457314034780745
feature_705,0.06457314034780731,0.06457314034780731
feature_337,0.06456937551667175,0.06456937551667175
feature_206,0.06416228130625098,0.06416228130625098
feature_328,0.06388266711482612,-0.06388266711482612
feature_250,0.06361542790703029,0.06361542790703029
feature_216,0.06285427754484475,0.06285427754484475
feature_635,0.0627902915998992,0.0627902915998992
feature_78,0.0627902915998991,0.0627902915998991
feature_534,0.06279029159989903,0.06279029159989903
feature_69,0.062342854511296314,0.062342854511296314
feature_626,0.06234285451129175,0.06234285451129175
feature_512,0.06234285451129102,0.06234285451129102
feature_504,0.06200107480312014,-0.06200107480312014
feature_624,0.06200107480311982,-0.06200107480311982
feature_67,0.06200107480311794,-0.06200107480311794
feature_118,0.06198009460537019,0.06198009460537019
feature_107,0.06169400265336559,0.06169400265336559
feature_34,0.061500362300813495,0.061500362300813495
feature_469,0.0615003623008091,0.0615003623008091
feature_591,0.06150036230080891,0.06150036230080891
feature_460,0.061494992839584164,0.061494992839584164
feature_583,0.06149499283958328,0.06149499283958328
feature_26,0.061494992839581854,0.061494992839581854
feature_291,0.06125818196718014,-0.06125818196718014
feature_317,0.060756813957042084,0.060756813957042084
feature_313,0.06047538526143494,0.06047538526143494
feature_356,0.06037406177826151,-0.06037406177826151
feature_673,0.06026021182300738,-0.06026021182300738
feature_700,0.05991586386789588,-0.05991586386789588
feature_192,0.058598514617957086,-0.058598514617957086
feature_207,0.05835261662170801,0.05835261662170801
feature_162,0.05761758137008804,0.05761758137008804
feature_273,0.05737813693447109,-0.05737813693447109
feature_37,0.05729232639659307,0.05729232639659307
feature_487,0.057292326396588523,0.057292326396588523
feature_594,0.05729232639658844,0.05729232639658844
feature_161,0.05723062748545802,-0.05723062748545802
feature_4,0.05721140131748573,0.05721140131748573
feature_354,0.05692093458675005,-0.05692093458675005
feature_43,0.055144316631684794,-0.055144316631684794
feature_600,0.05514431663167997,-0.05514431663167997
feature_515,0.05514431663167984,-0.05514431663167984
feature_379,0.05514108380904822,-0.05514108380904822
feature_169,0.05513683203749098,0.05513683203749098
feature_134,0.05455721428551225,-0.05455721428551225
feature_397,0.054191735899584294,0.054191735899584294
feature_339,0.05347636449628847,-0.05347636449628847
feature_148,0.052635014278059625,0.052635014278059625
feature_284,0.05237427626067736,-0.05237427626067736
feature_249,0.05133068618955589,0.05133068618955589
feature_132,0.05128117643392133,-0.05128117643392133
feature_269,0.05085216678825975,0.05085216678825975
feature_235,0.050096902516510146,-0.050096902516510146
feature_335,0.05006084486103002,-0.05006084486103002
feature_234,0.049977896510947244,0.049977896510947244
feature_399,0.04970308807583532,0.04970308807583532
feature_364,0.04953592224424509,-0.04953592224424509
feature_131,0.04930409602529972,0.04930409602529972
feature_453,0.04907005736352549,-0.04907005736352549
feature_614,0.049070057363524267,-0.049070057363524267
feature_57,0.0490700573635232,-0.0490700573635232
feature_629,0.048582228877785155,0.048582228877785155
feature_521,0.048582228877785155,0.048582228877785155
feature_72,0.04858222887778304,0.04858222887778304
feature_322,0.04850236031031541,-0.04850236031031541
feature_33,0.047852615730543197,0.047852615730543197
feature_590,0.04785261573054043,0.04785261573054043
feature_535,0.047852615730539984,0.047852615730539984
feature_247,0.04751022554301528,0.04751022554301528
feature_185,0.04735374808697842,-0.04735374808697842
feature_548,0.04728584858047345,0.04728584858047345
feature_638,0.04719298598473766,-0.04719298598473766
feature_501,0.047192985984737534,-0.047192985984737534
feature_81,0.047192985984732996,-0.047192985984732996
feature_692,0.046720138084701414,-0.046720138084701414
feature_310,0.046700090492941895,-0.046700090492941895
feature_647,0.04646604516303624,-0.04646604516303624
feature_494,0.046466045163035735,-0.046466045163035735
feature_90,0.046466045163034854,-0.046466045163034854
feature_545,0.0461135456236953,-0.0461135456236953
feature_290,0.04581389887520483,-0.04581389887520483
feature_292,0.045768853151423275,-0.045768853151423275
feature_141,0.04574107705324137,0.04574107705324137
feature_381,0.045649530942590166,-0.045649530942590166
feature_467,0.04531809239318833,0.04531809239318833
feature_586,0.04531809239318643,0.04531809239318643
feature_29,0.045318092393180076,0.045318092393180076
feature_713,0.045259136090266223,0.045259136090266223
feature_209,0.04490153684775341,0.04490153684775341
feature_76,0.04489171545850906,0.04489171545850906
feature_532,0.04489171545850543,0.04489171545850543
feature_633,0.04489171545850483,0.04489171545850483
feature_114,0.044830938589758035,0.044830938589758035
feature_325,0.04483093858975745,0.04483093858975745
feature_333,0.0444460521575232,-0.0444460521575232
feature_463,0.043324271851326715,0.043324271851326715
feature_60,0.043324271851326146,0.043324271851326146
feature_617,0.043324271851326125,0.043324271851326125
feature_307,0.04301138799397927,0.04301138799397927
feature_260,0.04301082420151795,0.04301082420151795
feature_160,0.04291428110505804,-0.04291428110505804
feature_390,0.04281619175168542,-0.04281619175168542
feature_646,0.04169871302675542,-0.04169871302675542
feature_89,0.041698713026755395,-0.041698713026755395
feature_519,0.04169871302675491,-0.04169871302675491
feature_411,0.04155003412504134,0.04155003412504134
feature_336,0.041371488413633126,0.041371488413633126
feature_294,0.0412182830663291,-0.0412182830663291
feature_182,0.041083065943227644,-0.041083065943227644
feature_376,0.04106667736845904,-0.04106667736845904
feature_424,0.04062092801669659,-0.04062092801669659
feature_163,0.04057259956587239,0.04057259956587239
feature_186,0.04050825737139881,-0.04050825737139881
feature_120,0.039870338991652016,0.039870338991652016
feature_539,0.03906574515337083,-0.03906574515337083
feature_611,0.03906574515337083,-0.03906574515337083
feature_54,0.039065745153369316,-0.039065745153369316
feature_380,0.03894104253669542,-0.03894104253669542
feature_283,0.038797458607254906,-0.038797458607254906
feature_331,0.03830212587158126,0.03830212587158126
feature_362,0.03820710348588762,0.03820710348588762
feature_155,0.03794627304738114,0.03794627304738114
feature_129,0.03784039225407021,0.03784039225407021
feature_295,0.037730866715035345,0.037730866715035345
feature_224,0.037681015608350285,0.037681015608350285
feature_261,0.03733522583487232,0.03733522583487232
feature_296,0.037200180121862,-0.037200180121862
feature_219,0.036480599377614206,-0.036480599377614206
feature_222,0.03642770910553835,0.03642770910553835
feature_116,0.03629135071380715,-0.03629135071380715
feature_245,0.03560285212275262,0.03560285212275262
feature_343,0.035329487638896845,0.035329487638896845
feature_502,0.035256714887586506,0.035256714887586506
feature_589,0.035256714887586506,0.035256714887586506
feature_32,0.0352567148875832,0.0352567148875832
feature_490,0.03523306954236538,0.03523306954236538
feature_596,0.03523306954236538,0.03523306954236538
feature_39,0.03523306954236388,0.03523306954236388
feature_403,0.035091763823219324,0.035091763823219324
feature_304,0.03494196898585387,-0.03494196898585387
feature_111,0.0345034294111858,0.0345034294111858
feature_315,0.034288228906503015,-0.034288228906503015
feature_61,0.034252286930652735,0.034252286930652735
feature_464,0.0342522869306487,0.0342522869306487
feature_618,0.03425228693064845,0.03425228693064845
feature_639,0.03399721738529734,0.03399721738529734
feature_691,0.03399721738529704,0.03399721738529704
feature_518,0.03399721738529704,0.03399721738529704
feature_82,0.033997217385295264,0.033997217385295264
feature_601,0.03393485971571369,-0.03393485971571369
feature_529,0.03393485971571294,-0.03393485971571294
feature_44,0.03393485971571286,-0.03393485971571286
feature_274,0.0337301476290661,0.0337301476290661
feature_642,0.03304649860051914,-0.03304649860051914
feature_499,0.03304649860051907,-0.03304649860051907
feature_85,0.033046498600518684,-0.033046498600518684
feature_232,0.032912738689337494,-0.032912738689337494
feature_123,0.03287686849525928,-0.03287686849525928
feature_197,0.03285210289482547,0.03285210289482547
feature_153,0.03250518228141121,0.03250518228141121
feature_382,0.032440854106619815,-0.032440854106619815
feature_672,0.03214583351038892,0.03214583351038892
feature_151,0.03168921184123102,0.03168921184123102
feature_177,0.03142033976539399,-0.03142033976539399
feature_243,0.031246552306795253,-0.031246552306795253
feature_541,0.03085005812854748,0.03085005812854748
feature_653,0.030850058128547454,0.030850058128547454
feature_96,0.03085005812854653,0.03085005812854653
feature_200,0.029843061535986502,0.029843061535986502
feature_184,0.029561423004022206,-0.029561423004022206
feature_388,0.02955890400155758,0.02955890400155758
feature_698,0.02925317411899201,0.02925317411899201
feature_268,0.028849039700617085,0.028849039700617085
feature_194,0.028643670886845937,-0.028643670886845937
feature_251,0.028630736412151678,-0.028630736412151678
feature_271,0.028185739385711533,-0.028185739385711533
feature_128,0.028036674185471497,-0.028036674185471497
feature_392,0.02791754688281973,-0.02791754688281973
feature_363,0.027782637554976723,-0.027782637554976723
feature_113,0.027656289318916158,-0.027656289318916158
feature_400,0.027306780604591088,0.027306780604591088
feature_405,0.027058870270737036,-0.027058870270737036
feature_444,0.026997797932725963,-0.026997797932725963
feature_565,0.026997797932725297,-0.026997797932725297
feature_122,0.026882862758328428,-0.026882862758328428
feature_377,0.026474357572327308,-0.026474357572327308
feature_426,0.02639173594675622,0.02639173594675622
feature_254,0.02639173594675617,0.02639173594675617
feature_270,0.026161339521587675,0.026161339521587675
feature_2,0.025808358144031568,-0.025808358144031568
feature_306,0.025427806340398942,0.025427806340398942
feature_365,0.025427806340398214,0.025427806340398214
feature_117,0.025224524658243215,-0.025224524658243215
feature_267,0.02510657722794704,0.02510657722794704
feature_318,0.024817190568734833,0.024817190568734833
feature_217,0.024580443040481677,-0.024580443040481677
feature_324,0.024506985767070305,0.024506985767070305
feature_334,0.024399355247116585,-0.024399355247116585
feature_259,0.024387918845514642,0.024387918845514642
feature_395,0.024310334393546552,-0.024310334393546552
feature_547,0.02421318518974501,0.02421318518974501
feature_393,0.024070036183519012,-0.024070036183519012
feature_56,0.023924341030877844,-0.023924341030877844
feature_452,0.02392434103087755,-0.02392434103087755
feature_613,0.023924341030877115,-0.023924341030877115
feature_256,0.023640837264367824,0.023640837264367824
feature_632,0.023622132620382933,0.023622132620382933
feature_75,0.02362213262038235,0.02362213262038235
feature_531,0.02362213262038204,0.02362213262038204
feature_58,0.023517850773891666,-0.023517850773891666
feature_615,0.023517850773887808,-0.023517850773887808
feature_454,0.023517850773887808,-0.023517850773887808
feature_369,0.023463094388913794,-0.023463094388913794
feature_136,0.023456316386811032,0.023456316386811032
feature_359,0.02340886771817856,0.02340886771817856
feature_430,0.02318089718579992,-0.02318089718579992
feature_115,0.02303292613063047,-0.02303292613063047
feature_195,0.022733190862979497,-0.022733190862979497
feature_406,0.022660522836357368,-0.022660522836357368
feature_164,0.022647919281842645,0.022647919281842645
feature_10,0.02251682169237058,0.02251682169237058
feature_370,0.022344456559730434,-0.022344456559730434
feature_213,0.02230673790110949,-0.02230673790110949
feature_404,0.02217199154755916,-0.02217199154755916
feature_394,0.021939449708915842,0.021939449708915842
feature_80,0.021847888642608004,-0.021847888642608004
feature_637,0.021847888642606984,-0.021847888642606984
feature_462,0.021847888642604816,-0.021847888642604816
feature_5,0.021844645271482017,-0.021844645271482017
feature_15,0.0216158773286948,0.0216158773286948
feature_458,0.021615877328694313,0.021615877328694313
feature_572,0.021615877328693734,0.021615877328693734
feature_230,0.021152687778976678,0.021152687778976678
feature_263,0.02113347503524973,0.02113347503524973
feature_372,0.021039756167823265,-0.021039756167823265
feature_165,0.020991985772659545,-0.020991985772659545
feature_172,0.020868536072811566,0.020868536072811566
feature_275,0.02029585844392056,0.02029585844392056
feature_104,0.02026338475880917,0.02026338475880917
feature_661,0.02026338475880895,0.02026338475880895
feature_508,0.020263384758808446,0.020263384758808446
feature_402,0.01965505052599994,0.01965505052599994
feature_420,0.019503228719413075,0.019503228719413075
feature_264,0.01950322871941293,0.01950322871941293
feature_603,0.019493811151732425,0.019493811151732425
feature_459,0.019493811151731214,0.019493811151731214
feature_46,0.019493811151729837,0.019493811151729837
feature_544,0.01836936153080307,0.01836936153080307
feature_223,0.017596356123524032,-0.017596356123524032
feature_152,0.017468785706458788,0.017468785706458788
feature_119,0.017434899407012656,-0.017434899407012656
feature_329,0.017434899407012518,-0.017434899407012518
feature_338,0.017223834669327247,-0.017223834669327247
feature_77,0.017104699075395323,0.017104699075395323
feature_180,0.017104699075391475,0.017104699075391475
feature_634,0.01710469907539111,0.01710469907539111
feature_533,0.017104699075390056,0.017104699075390056
feature_135,0.017076681940482983,-0.017076681940482983
feature_7,0.01662243079486758,-0.01662243079486758
feature_203,0.016506601846499887,0.016506601846499887
feature_398,0.01649350566861247,0.01649350566861247
feature_138,0.01632753458691709,-0.01632753458691709
feature_711,0.016307428433055667,-0.016307428433055667
feature_202,0.015987055531857156,-0.015987055531857156
feature_193,0.015815367996835545,-0.015815367996835545
feature_367,0.015680785100421608,-0.015680785100421608
feature_253,0.015509047020107254,-0.015509047020107254
feature_218,0.015302916494464532,0.015302916494464532
feature_368,0.015195464293233178,-0.015195464293233178
feature_211,0.015046134409827,-0.015046134409827
feature_125,0.014954592966323958,0.014954592966323958
feature_228,0.01468581005627105,-0.01468581005627105
feature_716,0.014561141939120614,-0.014561141939120614
feature_252,0.014482407362777209,-0.014482407362777209
feature_305,0.01422703072290274,0.01422703072290274
feature_204,0.013606813225850525,0.013606813225850525
feature_332,0.013598264937435024,-0.013598264937435024
feature_407,0.012830670273717851,0.012830670273717851
feature_11,0.012559717083132702,0.012559717083132702
feature_187,0.012288900150228294,-0.012288900150228294
feature_79,0.011934948485498413,-0.011934948485498413
feature_636,0.011934948485497521,-0.011934948485497521
feature_540,0.011934948485495357,-0.011934948485495357
feature_239,0.011831908624870598,0.011831908624870598
feature_12,0.011762234698300839,-0.011762234698300839
feature_510,0.011547562805046057,0.011547562805046057
feature_645,0.011547562805045462,0.011547562805045462
feature_697,0.011547562805045462,0.011547562805045462
feature_88,0.011547562805044018,0.011547562805044018
feature_319,0.011383972270939447,0.011383972270939447
feature_286,0.011330251213798244,0.011330251213798244
feature_401,0.010629772828845797,0.010629772828845797
feature_522,0.010488892335551576,-0.010488892335551576
feature_630,0.010488892335551562,-0.010488892335551562
feature_73,0.010488892335545164,-0.010488892335545164
feature_387,0.010427438225115413,0.010427438225115413
feature_262,0.010296225794686253,-0.010296225794686253
feature_412,0.010295406380173582,0.010295406380173582
feature_241,0.010037513395681014,-0.010037513395681014
feature_714,0.010006205531273842,0.010006205531273842
feature_374,0.009933826718437158,-0.009933826718437158
feature_110,0.00984880773156806,0.00984880773156806
feature_157,0.009755046554915346,-0.009755046554915346
feature_208,0.009728369687618138,-0.009728369687618138
feature_233,0.009720811358443502,-0.009720811358443502
feature_94,0.00969431129503269,-0.00969431129503269
feature_651,0.00969431129502919,-0.00969431129502919
feature_525,0.009694311295027846,-0.009694311295027846
feature_717,0.009649858786349635,0.009649858786349635
feature_383,0.009506840229513912,0.009506840229513912
feature_550,0.009331230133182294,-0.009331230133182294
feature_205,0.008775729734902454,-0.008775729734902454
feature_718,0.008278303310401332,0.008278303310401332
feature_431,0.007885727880090088,0.007885727880090088
feature_710,0.0077821341360818815,0.0077821341360818815
feature_52,0.007594884656490733,-0.007594884656490733
feature_609,0.007594884656487711,-0.007594884656487711
feature_527,0.007594884656487711,-0.007594884656487711
feature_171,0.007586102871330602,0.007586102871330602
feature_549,0.007530614914954964,0.007530614914954964
feature_190,0.007516766731481382,0.007516766731481382
feature_543,0.007442697853719321,0.007442697853719321
feature_574,0.0073842754776032755,0.0073842754776032755
feature_517,0.007384275477603005,0.007384275477603005
feature_17,0.007384275477597957,0.007384275477597957
feature_366,0.007355819564845142,0.007355819564845142
feature_327,0.0072376716484861305,0.0072376716484861305
feature_312,0.007237671648485027,0.007237671648485027
feature_409,0.007194219316875723,0.007194219316875723
feature_299,0.0068604478696819085,-0.0068604478696819085
feature_719,0.0063540589859147675,-0.0063540589859147675
feature_375,0.0063374398396702355,0.0063374398396702355
feature_542,0.006020122338903643,-0.006020122338903643
feature_663,0.00602012233890244,-0.00602012233890244
feature_106,0.0060201223388998745,-0.0060201223388998745
feature_166,0.005622010887573526,-0.005622010887573526
feature_427,0.0053818131178287685,0.0053818131178287685
feature_220,0.0049362238311021905,-0.0049362238311021905
feature_641,0.004761598151941886,0.004761598151941886
feature_472,0.004761598151939748,0.004761598151939748
feature_84,0.004761598151932319,0.004761598151932319
feature_450,0.004600309822291546,-0.004600309822291546
feature_55,0.004600309822290188,-0.004600309822290188
feature_612,0.004600309822290136,-0.004600309822290136
feature_715,0.004559045492884765,-0.004559045492884765
feature_188,0.004318996487633602,-0.004318996487633602
feature_546,0.003911698950575313,-0.003911698950575313
feature_301,0.003885805255009845,0.003885805255009845
feature_358,0.003733476722617533,0.003733476722617533
feature_178,0.003681626477214886,-0.003681626477214886
feature_109,0.0033670201576227535,0.0033670201576227535
feature_396,0.0029345816442209348,0.0029345816442209348
feature_576,0.002681428053770035,-0.002681428053770035
feature_489,0.0026814280537699794,-0.0026814280537699794
feature_19,0.00268142805376842,-0.00268142805376842
feature_684,0.0021839484142365598,-0.0021839484142365598
feature_288,0.0021591536736571167,0.0021591536736571167
feature_422,0.002159153673656584,0.002159153673656584
feature_371,0.001981120115078415,0.001981120115078415
feature_133,0.001977080408622999,0.001977080408622999
feature_174,0.0018759717777760893,0.0018759717777760893
feature_246,0.0018451804487279594,0.0018451804487279594
feature_391,0.0017908958895526423,-0.0017908958895526423
feature_221,0.0017133821243183953,0.0017133821243183953
feature_8,0.0014005427640187418,0.0014005427640187418
feature_229,0.0013941884983037318,-0.0013941884983037318
feature_280,0.0012839912446015317,-0.0012839912446015317
feature_582,0.0011773994219169692,0.0011773994219169692
feature_455,0.0011773994219148043,0.0011773994219148043
feature_25,0.0011773994219146308,0.0011773994219146308
feature_439,0.0009863167778777007,0.0009863167778777007
feature_560,0.0009863167778775897,0.0009863167778775897
feature_3,0.0008544571532107213,-0.0008544571532107213
feature_6,3.3306690738754696e-15,3.3306690738754696e-15
